RealTimestamp,WGM701_Voltage (V),CVM211_Voltage (V),Baratron626D_1KT_Voltage (V),Baratron626D_1T_Voltage (V)
2025-09-11 09:45:46.352,3.1442697781258175,7.980870934750783,3.682477195829051,0.23589640002501255
2025-09-11 09:45:46.465,3.143322090816582,7.981107856578092,3.6827930915987963,0.23660716550693905
2025-09-11 09:45:46.578,3.1440328562985087,7.9822134917722,3.6839777007353405,0.23873946195271856
2025-09-11 09:45:46.692,3.1439538823560724,7.981976569944891,3.6823192479441786,0.23573845214014
2025-09-11 09:45:46.805,3.143874908413636,7.980634012923474,3.682161300059306,0.2361333218523214
2025-09-11 09:45:46.917,3.143559012643891,7.981186830520528,3.6817664303471247,0.23794972252835578
2025-09-11 09:45:47.028,3.1437169605287636,7.981186830520528,3.6823192479441786,0.23779177464348322
2025-09-11 09:45:47.141,3.144348752068254,7.980634012923474,3.683582831023159,0.23850254012540972
2025-09-11 09:45:47.253,3.1441908041833813,7.981739648117582,3.6825561697714875,0.23621229579475767
2025-09-11 09:45:47.366,3.144111830240945,7.981660674175146,3.6823192479441786,0.23597537396744883
2025-09-11 09:45:47.479,3.1439538823560724,7.981186830520528,3.6827930915987963,0.23763382675861067
2025-09-11 09:45:47.592,3.1445066999531264,7.981423752347837,3.683030013426105,0.23565947819770372
2025-09-11 09:45:47.707,3.1442697781258175,7.980791960808347,3.683030013426105,0.2367651133918116
2025-09-11 09:45:47.819,3.1445066999531264,7.981423752347837,3.6831879613109777,0.23842356618297345
2025-09-11 09:45:47.932,3.1442697781258175,7.981739648117582,3.683582831023159,0.23660716550693905
2025-09-11 09:45:48.045,3.1437169605287636,7.981186830520528,3.6834248831382865,0.237159983103993
2025-09-11 09:45:48.158,3.1442697781258175,7.98008119532642,3.683898726792904,0.23921330560733622
2025-09-11 09:45:48.271,3.1434010647590185,7.980791960808347,3.6827930915987963,0.23652819156450278
2025-09-11 09:45:48.383,3.143874908413636,7.981581700232709,3.683819752850468,0.23637024367963022
2025-09-11 09:45:48.496,3.1439538823560724,7.98071298686591,3.684925388044576,0.23739690493130183
2025-09-11 09:45:48.607,3.144111830240945,7.981976569944891,3.685873075353811,0.2368440873342479
2025-09-11 09:45:48.721,3.144664647837999,7.9810288826356555,3.6862679450659925,0.23873946195271856
2025-09-11 09:45:48.833,3.14442772601069,7.98071298686591,3.6834248831382865,0.23621229579475767
2025-09-11 09:45:48.946,3.143874908413636,7.981186830520528,3.6851623098718846,0.23621229579475767
2025-09-11 09:45:49.058,3.1436379865863273,7.981660674175146,3.6845305183323944,0.23881843589515483
2025-09-11 09:45:49.171,3.144348752068254,7.981344778405401,3.6836618049655954,0.2368440873342479
2025-09-11 09:45:49.284,3.1445066999531264,7.981344778405401,3.6845305183323944,0.23794972252835578
2025-09-11 09:45:49.396,3.1441908041833813,7.981344778405401,3.684372570447522,0.2374758788737381
2025-09-11 09:45:49.508,3.14442772601069,7.981265804462964,3.683898726792904,0.2367651133918116
2025-09-11 09:45:49.621,3.1437959344712,7.98284528331169,3.6845305183323944,0.23866048801028228
2025-09-11 09:45:49.733,3.144664647837999,7.980949908693219,3.684925388044576,0.23700203521912044
2025-09-11 09:45:49.846,3.1448225957228715,7.981502726290273,3.6836618049655954,0.23597537396744883
2025-09-11 09:45:49.958,3.1439538823560724,7.979844273499111,3.6857151274689386,0.23763382675861067
2025-09-11 09:45:50.073,3.1445856738955626,7.981107856578092,3.6842146225626493,0.23629126973719394
2025-09-11 09:45:50.188,3.143874908413636,7.982292465714636,3.6842146225626493,0.23660716550693905
2025-09-11 09:45:50.301,3.143559012643891,7.981660674175146,3.6856361535265023,0.23810767041322833
2025-09-11 09:45:50.414,3.14442772601069,7.981265804462964,3.6845305183323944,0.2364492176220665
2025-09-11 09:45:50.526,3.1445856738955626,7.9804760650386015,3.684925388044576,0.23668613944937533
2025-09-11 09:45:50.639,3.143874908413636,7.980239143211293,3.684925388044576,0.23763382675861067
2025-09-11 09:45:50.751,3.1434800387014548,7.981344778405401,3.684925388044576,0.23637024367963022
2025-09-11 09:45:50.863,3.144743621780435,7.981581700232709,3.6873735802601004,0.23708100916155672
2025-09-11 09:45:50.976,3.14442772601069,7.980949908693219,3.684925388044576,0.23771280070104694
2025-09-11 09:45:51.089,3.1448225957228715,7.981344778405401,3.6842935965050856,0.23660716550693905
2025-09-11 09:45:51.201,3.1445856738955626,7.981739648117582,3.6856361535265023,0.23739690493130183
2025-09-11 09:45:51.316,3.1445856738955626,7.982529387541945,3.6865838408357376,0.23771280070104694
2025-09-11 09:45:51.431,3.1451384914926166,7.981265804462964,3.6860310232386837,0.2367651133918116
2025-09-11 09:45:51.544,3.1450595175501803,7.981818622060018,3.685004361987012,0.2361333218523214
2025-09-11 09:45:51.659,3.1448225957228715,7.981502726290273,3.6870576844903553,0.23779177464348322
2025-09-11 09:45:51.772,3.144980543607744,7.980397091096165,3.6853992316991935,0.23597537396744883
2025-09-11 09:45:51.884,3.144980543607744,7.982371439657072,3.6865838408357376,0.2375548528161744
2025-09-11 09:45:52.001,3.1441908041833813,7.981423752347837,3.6853992316991935,0.23660716550693905
2025-09-11 09:45:52.114,3.144111830240945,7.980318117153729,3.6862679450659925,0.2368440873342479
2025-09-11 09:45:52.229,3.1437959344712,7.981581700232709,3.6862679450659925,0.2360543479098851
2025-09-11 09:45:52.340,3.1445066999531264,7.981107856578092,3.685794101411375,0.23810767041322833
2025-09-11 09:45:52.453,3.144664647837999,7.982371439657072,3.6857151274689386,0.23597537396744883
2025-09-11 09:45:52.565,3.144743621780435,7.980318117153729,3.687768449972282,0.2361333218523214
2025-09-11 09:45:52.678,3.144664647837999,7.981107856578092,3.686978710547919,0.23779177464348322
2025-09-11 09:45:52.790,3.1450595175501803,7.980949908693219,3.685320257756757,0.2364492176220665
2025-09-11 09:45:52.902,3.1448225957228715,7.980239143211293,3.686425892950865,0.23731793098886556
2025-09-11 09:45:53.014,3.144664647837999,7.9824504135995085,3.6854782056416298,0.23637024367963022
2025-09-11 09:45:53.126,3.1448225957228715,7.981818622060018,3.6856361535265023,0.2374758788737381
2025-09-11 09:45:53.239,3.144743621780435,7.980949908693219,3.6859520492962474,0.237159983103993
2025-09-11 09:45:53.354,3.1445856738955626,7.981581700232709,3.6865838408357376,0.2360543479098851
2025-09-11 09:45:53.467,3.14442772601069,7.980318117153729,3.6885581893966446,0.23637024367963022
2025-09-11 09:45:53.579,3.1450595175501803,7.981107856578092,3.68610999718112,0.23763382675861067
2025-09-11 09:45:53.691,3.1449015696653078,7.981265804462964,3.6873735802601004,0.23597537396744883
2025-09-11 09:45:53.803,3.144664647837999,7.981502726290273,3.688084345742027,0.23621229579475767
2025-09-11 09:45:53.916,3.1441908041833813,7.9824504135995085,3.686662814778174,0.23629126973719394
2025-09-11 09:45:54.027,3.1456123351472343,7.980555038981038,3.685873075353811,0.23581742608257628
2025-09-11 09:45:54.142,3.144743621780435,7.980949908693219,3.6868997366054828,0.2388974098375911
2025-09-11 09:45:54.255,3.1445856738955626,7.981423752347837,3.687531528144973,0.2368440873342479
2025-09-11 09:45:54.367,3.144980543607744,7.981502726290273,3.686346919008429,0.2382656182981009
2025-09-11 09:45:54.480,3.1453754133199254,7.9810288826356555,3.6876105020874093,0.23945022743464506
2025-09-11 09:45:54.592,3.1442697781258175,7.980870934750783,3.686425892950865,0.23652819156450278
2025-09-11 09:45:54.703,3.1453754133199254,7.981818622060018,3.68674178872061,0.23660716550693905
2025-09-11 09:45:54.815,3.1442697781258175,7.981423752347837,3.687294606317664,0.23652819156450278
2025-09-11 09:45:54.927,3.1450595175501803,7.9810288826356555,3.687847423914718,0.23573845214014
2025-09-11 09:45:55.040,3.1449015696653078,7.980555038981038,3.687531528144973,0.23763382675861067
2025-09-11 09:45:55.152,3.1448225957228715,7.981976569944891,3.687768449972282,0.23668613944937533
2025-09-11 09:45:55.264,3.1445856738955626,7.980949908693219,3.687847423914718,0.2368440873342479
2025-09-11 09:45:55.376,3.1451384914926166,7.98071298686591,3.6870576844903553,0.23731793098886556
2025-09-11 09:45:55.491,3.1445856738955626,7.980949908693219,3.687531528144973,0.23637024367963022
2025-09-11 09:45:55.604,3.1445856738955626,7.9810288826356555,3.689821772475625,0.237159983103993
2025-09-11 09:45:55.715,3.1453754133199254,7.981739648117582,3.687847423914718,0.23660716550693905
2025-09-11 09:45:55.827,3.1450595175501803,7.982055543887327,3.6873735802601004,0.2368440873342479
2025-09-11 09:45:55.940,3.1445066999531264,7.9804760650386015,3.687847423914718,0.2374758788737381
2025-09-11 09:45:56.052,3.1445066999531264,7.982055543887327,3.6882422936268995,0.2361333218523214
2025-09-11 09:45:56.164,3.144664647837999,7.982371439657072,3.687531528144973,0.2375548528161744
2025-09-11 09:45:56.275,3.1449015696653078,7.981818622060018,3.6888740851663897,0.23692306127668417
2025-09-11 09:45:56.388,3.1451384914926166,7.981107856578092,3.6880053717995906,0.237159983103993
2025-09-11 09:45:56.499,3.144980543607744,7.981818622060018,3.687847423914718,0.23763382675861067
2025-09-11 09:45:56.611,3.1456913090896705,7.9818975960024545,3.6896638245907525,0.23637024367963022
2025-09-11 09:45:56.722,3.144743621780435,7.981265804462964,3.68950587670588,0.2368440873342479
2025-09-11 09:45:56.833,3.144743621780435,7.980555038981038,3.687768449972282,0.23723895704642928
2025-09-11 09:45:56.945,3.1456123351472343,7.981976569944891,3.687847423914718,0.2360543479098851
2025-09-11 09:45:57.057,3.145296439377489,7.980870934750783,3.689268954878571,0.23723895704642928
2025-09-11 09:45:57.169,3.1453754133199254,7.9822134917722,3.6879263978571544,0.2364492176220665
2025-09-11 09:45:57.280,3.144664647837999,7.981107856578092,3.690374590072679,0.2374758788737381
2025-09-11 09:45:57.391,3.1445066999531264,7.981265804462964,3.6883212675693358,0.2360543479098851
2025-09-11 09:45:57.504,3.1449015696653078,7.981739648117582,3.6883212675693358,0.2368440873342479
2025-09-11 09:45:57.616,3.1451384914926166,7.981660674175146,3.6899797203604976,0.23637024367963022
2025-09-11 09:45:57.729,3.145217465435053,7.981107856578092,3.6887951112239534,0.23621229579475767
2025-09-11 09:45:57.840,3.145217465435053,7.9818975960024545,3.6896638245907525,0.23723895704642928
2025-09-11 09:45:57.955,3.1456123351472343,7.980555038981038,3.689584850648316,0.23739690493130183
2025-09-11 09:45:58.068,3.145296439377489,7.981976569944891,3.6890320330512623,0.2361333218523214
2025-09-11 09:45:58.180,3.1450595175501803,7.98008119532642,3.6908484337272967,0.237159983103993
2025-09-11 09:45:58.293,3.144743621780435,7.981265804462964,3.688953059108826,0.23637024367963022
2025-09-11 09:45:58.404,3.144980543607744,7.980870934750783,3.6896638245907525,0.23866048801028228
2025-09-11 09:45:58.517,3.145217465435053,7.981660674175146,3.688716137281517,0.2375548528161744
2025-09-11 09:45:58.630,3.14442772601069,7.981344778405401,3.688637163339081,0.2361333218523214
2025-09-11 09:45:58.742,3.144743621780435,7.980949908693219,3.6897427985331888,0.23660716550693905
2025-09-11 09:45:58.854,3.1454543872623617,7.980002221383984,3.688953059108826,0.23597537396744883
2025-09-11 09:45:58.966,3.144743621780435,7.9804760650386015,3.689268954878571,0.2368440873342479
2025-09-11 09:45:59.078,3.144743621780435,7.982134517829763,3.6894269027634436,0.23739690493130183
2025-09-11 09:45:59.189,3.1445856738955626,7.981265804462964,3.6899007464180613,0.23723895704642928
2025-09-11 09:45:59.301,3.145533361204798,7.980318117153729,3.68950587670588,0.237159983103993
2025-09-11 09:45:59.412,3.144743621780435,7.981344778405401,3.690690485842424,0.23565947819770372
2025-09-11 09:45:59.525,3.1454543872623617,7.980870934750783,3.6899007464180613,0.23834459224053717
2025-09-11 09:45:59.638,3.144980543607744,7.981265804462964,3.6911643294970418,0.23850254012540972
2025-09-11 09:45:59.749,3.1445856738955626,7.980634012923474,3.688953059108826,0.2364492176220665
2025-09-11 09:45:59.862,3.144664647837999,7.981423752347837,3.6908484337272967,0.23723895704642928
2025-09-11 09:45:59.975,3.144348752068254,7.981186830520528,3.689268954878571,0.2364492176220665
2025-09-11 09:46:00.087,3.145296439377489,7.982292465714636,3.6925858604608948,0.23621229579475767
2025-09-11 09:46:00.201,3.1456123351472343,7.980555038981038,3.6922699646911497,0.23723895704642928
2025-09-11 09:46:00.312,3.1451384914926166,7.981265804462964,3.689268954878571,0.2368440873342479
2025-09-11 09:46:00.425,3.145533361204798,7.982055543887327,3.691243303439478,0.23881843589515483
2025-09-11 09:46:00.536,3.144743621780435,7.9804760650386015,3.6897427985331888,0.2368440873342479
2025-09-11 09:46:00.649,3.145217465435053,7.980555038981038,3.6897427985331888,0.23763382675861067
2025-09-11 09:46:00.762,3.1449015696653078,7.980634012923474,3.6927438083457673,0.23652819156450278
2025-09-11 09:46:00.876,3.1450595175501803,7.9810288826356555,3.6902956161302427,0.23692306127668417
2025-09-11 09:46:00.990,3.1453754133199254,7.980949908693219,3.689821772475625,0.2378707485859195
2025-09-11 09:46:01.102,3.1451384914926166,7.9810288826356555,3.6930597041155124,0.23660716550693905
2025-09-11 09:46:01.216,3.1445066999531264,7.982055543887327,3.690927407669733,0.23763382675861067
2025-09-11 09:46:01.329,3.145217465435053,7.981265804462964,3.6902956161302427,0.23573845214014
2025-09-11 09:46:01.441,3.1450595175501803,7.981344778405401,3.6911643294970418,0.23779177464348322
2025-09-11 09:46:01.556,3.144743621780435,7.9824504135995085,3.690927407669733,0.23660716550693905
2025-09-11 09:46:01.669,3.145217465435053,7.9810288826356555,3.692033042863841,0.23802869647079206
2025-09-11 09:46:01.786,3.1456123351472343,7.9810288826356555,3.6931386780579487,0.2367651133918116
2025-09-11 09:46:01.899,3.1456123351472343,7.981107856578092,3.6927438083457673,0.23873946195271856
2025-09-11 09:46:02.012,3.145533361204798,7.980791960808347,3.691796121036532,0.2364492176220665
2025-09-11 09:46:02.126,3.1454543872623617,7.9818975960024545,3.692980730173076,0.2378707485859195
2025-09-11 09:46:02.244,3.144980543607744,7.981344778405401,3.6908484337272967,0.23810767041322833
2025-09-11 09:46:02.358,3.145296439377489,7.981660674175146,3.6917171470940957,0.2382656182981009
2025-09-11 09:46:02.471,3.145296439377489,7.9822134917722,3.6913222773819143,0.2367651133918116
2025-09-11 09:46:02.586,3.145217465435053,7.981344778405401,3.69353354777013,0.2360543479098851
2025-09-11 09:46:02.699,3.1451384914926166,7.981423752347837,3.6919540689214045,0.23842356618297345
2025-09-11 09:46:02.812,3.1460072048594157,7.981107856578092,3.6916381731516594,0.23573845214014
2025-09-11 09:46:02.928,3.144980543607744,7.981423752347837,3.692348938633586,0.23629126973719394
2025-09-11 09:46:03.041,3.1453754133199254,7.981186830520528,3.6930597041155124,0.23866048801028228
2025-09-11 09:46:03.155,3.1450595175501803,7.9810288826356555,3.690927407669733,0.2354225563703949
2025-09-11 09:46:03.268,3.144743621780435,7.980318117153729,3.692112016806277,0.2368440873342479
2025-09-11 09:46:03.382,3.1453754133199254,7.980555038981038,3.691796121036532,0.23763382675861067
2025-09-11 09:46:03.494,3.1453754133199254,7.980634012923474,3.692348938633586,0.23708100916155672
2025-09-11 09:46:03.618,3.145770283032107,7.980318117153729,3.6928227822882036,0.23873946195271856
2025-09-11 09:46:03.732,3.1459282309169794,7.981502726290273,3.6917171470940957,0.23692306127668417
2025-09-11 09:46:03.845,3.1450595175501803,7.98071298686591,3.692033042863841,0.23739690493130183
2025-09-11 09:46:03.958,3.1450595175501803,7.9810288826356555,3.6927438083457673,0.23850254012540972
2025-09-11 09:46:04.071,3.145217465435053,7.981423752347837,3.6916381731516594,0.23652819156450278
2025-09-11 09:46:04.184,3.1456913090896705,7.981818622060018,3.6919540689214045,0.2361333218523214
2025-09-11 09:46:04.298,3.145770283032107,7.980949908693219,3.692348938633586,0.2381866443556646
2025-09-11 09:46:04.411,3.1449015696653078,7.980634012923474,3.6927438083457673,0.23597537396744883
2025-09-11 09:46:04.525,3.145217465435053,7.981344778405401,3.692112016806277,0.2364492176220665
2025-09-11 09:46:04.639,3.145770283032107,7.980397091096165,3.6927438083457673,0.23802869647079206
2025-09-11 09:46:04.753,3.1456913090896705,7.981739648117582,3.6933755998852575,0.23565947819770372
2025-09-11 09:46:04.866,3.1456913090896705,7.9822134917722,3.69353354777013,0.23834459224053717
2025-09-11 09:46:04.977,3.145770283032107,7.9810288826356555,3.692348938633586,0.23652819156450278
2025-09-11 09:46:05.089,3.145770283032107,7.980634012923474,3.694323287194493,0.23700203521912044
2025-09-11 09:46:05.201,3.145296439377489,7.981976569944891,3.6940073914247478,0.2388974098375911
2025-09-11 09:46:05.313,3.1454543872623617,7.980555038981038,3.692427912576022,0.2353435824279586
2025-09-11 09:46:05.426,3.1450595175501803,7.980397091096165,3.6925068865184585,0.23708100916155672
2025-09-11 09:46:05.540,3.1453754133199254,7.981423752347837,3.693217652000385,0.238581514067846
2025-09-11 09:46:05.652,3.1454543872623617,7.981660674175146,3.6942443132520566,0.23700203521912044
2025-09-11 09:46:05.765,3.144980543607744,7.981107856578092,3.6925858604608948,0.23692306127668417
2025-09-11 09:46:05.877,3.1456123351472343,7.981581700232709,3.694639182964238,0.2382656182981009
2025-09-11 09:46:05.991,3.1456123351472343,7.981660674175146,3.694086365367184,0.23692306127668417
2025-09-11 09:46:06.104,3.1456913090896705,7.981107856578092,3.694086365367184,0.23692306127668417
2025-09-11 09:46:06.217,3.1460072048594157,7.981265804462964,3.6944812350793654,0.2368440873342479
2025-09-11 09:46:06.330,3.146402074571597,7.979923247441548,3.6936914956550027,0.23708100916155672
2025-09-11 09:46:06.442,3.145533361204798,7.983003231196562,3.693454573827694,0.23723895704642928
2025-09-11 09:46:06.554,3.1456123351472343,7.980791960808347,3.6927438083457673,0.23660716550693905
2025-09-11 09:46:06.667,3.145217465435053,7.981581700232709,3.694086365367184,0.2367651133918116
2025-09-11 09:46:06.779,3.1456123351472343,7.982292465714636,3.6936914956550027,0.23739690493130183
2025-09-11 09:46:06.891,3.1451384914926166,7.981581700232709,3.694086365367184,0.23668613944937533
2025-09-11 09:46:07.002,3.1454543872623617,7.980791960808347,3.6942443132520566,0.23723895704642928
2025-09-11 09:46:07.115,3.146165152744288,7.981107856578092,3.693770469597439,0.2374758788737381
2025-09-11 09:46:07.228,3.1456913090896705,7.980634012923474,3.6947181569066743,0.23668613944937533
2025-09-11 09:46:07.340,3.1464810485140333,7.980870934750783,3.695270974503728,0.237159983103993
2025-09-11 09:46:07.452,3.145770283032107,7.981739648117582,3.6964555836402724,0.237159983103993
2025-09-11 09:46:07.563,3.1462441266867245,7.9804760650386015,3.695744818158346,0.23810767041322833
2025-09-11 09:46:07.676,3.146086178801852,7.9818975960024545,3.694876104791547,0.23589640002501255
2025-09-11 09:46:07.787,3.1453754133199254,7.981344778405401,3.6950340526764194,0.2361333218523214
2025-09-11 09:46:07.900,3.1464810485140333,7.980791960808347,3.697245323064635,0.237159983103993
2025-09-11 09:46:08.015,3.1454543872623617,7.98071298686591,3.694323287194493,0.237159983103993
2025-09-11 09:46:08.128,3.146638996398906,7.9818975960024545,3.694639182964238,0.2368440873342479
2025-09-11 09:46:08.241,3.146086178801852,7.9818975960024545,3.6959027660432184,0.23700203521912044
2025-09-11 09:46:08.355,3.146954892168651,7.981186830520528,3.6947181569066743,0.2361333218523214
2025-09-11 09:46:08.468,3.1462441266867245,7.980160169268856,3.6950340526764194,0.23565947819770372
2025-09-11 09:46:08.583,3.146165152744288,7.9810288826356555,3.6944812350793654,0.23937125349220878
2025-09-11 09:46:08.695,3.1456123351472343,7.981423752347837,3.6941653393096203,0.23621229579475767
2025-09-11 09:46:08.808,3.1456913090896705,7.982687335426817,3.694955078733983,0.237159983103993
2025-09-11 09:46:08.921,3.145849256974543,7.981818622060018,3.6950340526764194,0.23794972252835578
2025-09-11 09:46:09.034,3.1454543872623617,7.980318117153729,3.695192000561292,0.23565947819770372
2025-09-11 09:46:09.147,3.1460072048594157,7.982292465714636,3.6953499484461645,0.2378707485859195
2025-09-11 09:46:09.262,3.1460072048594157,7.980397091096165,3.6947181569066743,0.23637024367963022
2025-09-11 09:46:09.376,3.146086178801852,7.981344778405401,3.694955078733983,0.2381866443556646
2025-09-11 09:46:09.490,3.1465600224564696,7.981423752347837,3.6955868702734733,0.23629126973719394
2025-09-11 09:46:09.605,3.1454543872623617,7.981186830520528,3.695823792100782,0.2378707485859195
2025-09-11 09:46:09.722,3.146165152744288,7.981423752347837,3.6953499484461645,0.2367651133918116
2025-09-11 09:46:09.835,3.145770283032107,7.982055543887327,3.6955868702734733,0.23629126973719394
2025-09-11 09:46:09.949,3.1456913090896705,7.982371439657072,3.698035062488998,0.23652819156450278
2025-09-11 09:46:10.083,3.1454543872623617,7.9810288826356555,3.6959027660432184,0.2375548528161744
2025-09-11 09:46:10.230,3.146165152744288,7.98008119532642,3.6962186618129635,0.23652819156450278
2025-09-11 09:46:10.344,3.1464810485140333,7.981265804462964,3.6954289223886008,0.2367651133918116
2025-09-11 09:46:10.454,3.1463231006291608,7.979370429844494,3.6954289223886008,0.23597537396744883
2025-09-11 09:46:10.567,3.145849256974543,7.980318117153729,3.696376609697836,0.23660716550693905
2025-09-11 09:46:10.679,3.146165152744288,7.981186830520528,3.6962186618129635,0.23763382675861067
2025-09-11 09:46:10.794,3.1465600224564696,7.981502726290273,3.6962186618129635,0.23668613944937533
2025-09-11 09:46:10.907,3.146402074571597,7.981186830520528,3.6953499484461645,0.23668613944937533
2025-09-11 09:46:11.019,3.146165152744288,7.980555038981038,3.6959817399856547,0.23723895704642928
2025-09-11 09:46:11.131,3.1465600224564696,7.980555038981038,3.6951130266188557,0.23637024367963022
2025-09-11 09:46:11.243,3.1464810485140333,7.980949908693219,3.6982719843163068,0.23731793098886556
2025-09-11 09:46:11.356,3.1465600224564696,7.982134517829763,3.6955868702734733,0.237159983103993
2025-09-11 09:46:11.469,3.145849256974543,7.979923247441548,3.6962976357554,0.2367651133918116
2025-09-11 09:46:11.582,3.1464810485140333,7.981107856578092,3.6961396878705273,0.23692306127668417
2025-09-11 09:46:11.694,3.14719181399596,7.981265804462964,3.6970084012373263,0.2374758788737381
2025-09-11 09:46:11.807,3.1462441266867245,7.981423752347837,3.6964555836402724,0.2367651133918116
2025-09-11 09:46:11.922,3.146638996398906,7.9810288826356555,3.697798140661689,0.23668613944937533
2025-09-11 09:46:12.033,3.1459282309169794,7.980002221383984,3.697245323064635,0.2367651133918116
2025-09-11 09:46:12.145,3.146717970341342,7.981344778405401,3.6981930103738705,0.23771280070104694
2025-09-11 09:46:12.256,3.1459282309169794,7.982292465714636,3.697245323064635,0.237159983103993
2025-09-11 09:46:12.368,3.1465600224564696,7.9796073516718025,3.6962186618129635,0.23621229579475767
2025-09-11 09:46:12.480,3.1460072048594157,7.981818622060018,3.6973242970070714,0.238581514067846
2025-09-11 09:46:12.592,3.1460072048594157,7.981344778405401,3.696376609697836,0.2368440873342479
2025-09-11 09:46:12.707,3.1468759182262147,7.9824504135995085,3.6974032709495077,0.23637024367963022
2025-09-11 09:46:12.822,3.146402074571597,7.981502726290273,3.697166349122199,0.23779177464348322
2025-09-11 09:46:12.937,3.1464810485140333,7.980318117153729,3.6973242970070714,0.2368440873342479
2025-09-11 09:46:13.052,3.146402074571597,7.982371439657072,3.6975612188343803,0.23597537396744883
2025-09-11 09:46:13.166,3.1459282309169794,7.981265804462964,3.6978771146041254,0.23629126973719394
2025-09-11 09:46:13.280,3.146717970341342,7.981107856578092,3.6978771146041254,0.23723895704642928
2025-09-11 09:46:13.394,3.146638996398906,7.982134517829763,3.6970084012373263,0.23621229579475767
2025-09-11 09:46:13.510,3.1456913090896705,7.981265804462964,3.697719166719253,0.23708100916155672
2025-09-11 09:46:13.624,3.146086178801852,7.9810288826356555,3.6974032709495077,0.23739690493130183
2025-09-11 09:46:13.737,3.146402074571597,7.981265804462964,3.6975612188343803,0.23652819156450278
2025-09-11 09:46:13.852,3.1467969442837784,7.980791960808347,3.6975612188343803,0.23652819156450278
2025-09-11 09:46:13.966,3.146165152744288,7.9822134917722,3.698035062488998,0.23660716550693905
2025-09-11 09:46:14.079,3.1462441266867245,7.979528377729366,3.6978771146041254,0.23810767041322833
2025-09-11 09:46:14.193,3.146638996398906,7.981660674175146,3.6985089061436156,0.23637024367963022
2025-09-11 09:46:14.306,3.146717970341342,7.981581700232709,3.698903775855797,0.2360543479098851
2025-09-11 09:46:14.420,3.1463231006291608,7.981423752347837,3.6993776195104147,0.2382656182981009
2025-09-11 09:46:14.534,3.1456123351472343,7.981660674175146,3.6976401927768165,0.2361333218523214
2025-09-11 09:46:14.647,3.1456913090896705,7.981739648117582,3.7002463328772137,0.2375548528161744
2025-09-11 09:46:14.760,3.1465600224564696,7.980949908693219,3.6999304371074686,0.23771280070104694
2025-09-11 09:46:14.873,3.1467969442837784,7.981265804462964,3.6984299322011793,0.2364492176220665
2025-09-11 09:46:14.988,3.1468759182262147,7.981107856578092,3.698035062488998,0.23660716550693905
2025-09-11 09:46:15.101,3.1467969442837784,7.981186830520528,3.6993776195104147,0.23779177464348322
2025-09-11 09:46:15.215,3.146717970341342,7.9818975960024545,3.6993776195104147,0.23621229579475767
2025-09-11 09:46:15.329,3.1467969442837784,7.981818622060018,3.698114036431434,0.23573845214014
2025-09-11 09:46:15.442,3.1468759182262147,7.980949908693219,3.699140697683106,0.237159983103993
2025-09-11 09:46:15.556,3.146717970341342,7.980160169268856,3.698587880086052,0.2368440873342479
2025-09-11 09:46:15.670,3.146717970341342,7.981502726290273,3.6984299322011793,0.23597537396744883
2025-09-11 09:46:15.782,3.146954892168651,7.980949908693219,3.6993776195104147,0.237159983103993
2025-09-11 09:46:15.895,3.146165152744288,7.981502726290273,3.699772489222596,0.237159983103993
2025-09-11 09:46:16.012,3.1464810485140333,7.981502726290273,3.6984299322011793,0.23621229579475767
2025-09-11 09:46:16.127,3.146402074571597,7.982371439657072,3.6984299322011793,0.23802869647079206
2025-09-11 09:46:16.241,3.1459282309169794,7.980397091096165,3.700641202589395,0.23834459224053717
2025-09-11 09:46:16.354,3.1462441266867245,7.980791960808347,3.699219671625542,0.2360543479098851
2025-09-11 09:46:16.468,3.14719181399596,7.980318117153729,3.6988248019133607,0.23621229579475767
2025-09-11 09:46:16.583,3.1473497618808324,7.982371439657072,3.699772489222596,0.23881843589515483
2025-09-11 09:46:16.696,3.1467969442837784,7.982687335426817,3.6984299322011793,0.2361333218523214
2025-09-11 09:46:16.809,3.146086178801852,7.980634012923474,3.6993776195104147,0.2361333218523214
2025-09-11 09:46:16.923,3.1473497618808324,7.982371439657072,3.7013519680713216,0.23794972252835578
2025-09-11 09:46:17.037,3.1468759182262147,7.9810288826356555,3.6985089061436156,0.23739690493130183
2025-09-11 09:46:17.151,3.1473497618808324,7.981344778405401,3.699535567395287,0.23668613944937533
2025-09-11 09:46:17.266,3.1467969442837784,7.981265804462964,3.699456593452851,0.23621229579475767
2025-09-11 09:46:17.380,3.146638996398906,7.981581700232709,3.7013519680713216,0.23739690493130183
2025-09-11 09:46:17.493,3.146402074571597,7.981581700232709,3.6996145413377235,0.23637024367963022
2025-09-11 09:46:17.605,3.1470338661110873,7.981265804462964,3.699535567395287,0.2378707485859195
2025-09-11 09:46:17.719,3.146954892168651,7.982292465714636,3.699772489222596,0.23763382675861067
2025-09-11 09:46:17.831,3.147270787938396,7.981818622060018,3.6999304371074686,0.23668613944937533
2025-09-11 09:46:17.945,3.147586683708141,7.981739648117582,3.700641202589395,0.2382656182981009
2025-09-11 09:46:18.057,3.1473497618808324,7.981660674175146,3.699456593452851,0.23692306127668417
2025-09-11 09:46:18.169,3.1476656576505775,7.981581700232709,3.7022206814381207,0.2368440873342479
2025-09-11 09:46:18.282,3.146638996398906,7.980870934750783,3.70032530681965,0.23739690493130183
2025-09-11 09:46:18.394,3.14782360553545,7.9810288826356555,3.699772489222596,0.23597537396744883
2025-09-11 09:46:18.507,3.146717970341342,7.982529387541945,3.699772489222596,0.23708100916155672
2025-09-11 09:46:18.619,3.1470338661110873,7.982371439657072,3.7010360723015765,0.23692306127668417
2025-09-11 09:46:18.731,3.146717970341342,7.981186830520528,3.7015888898986304,0.2367651133918116
2025-09-11 09:46:18.845,3.1474287358232687,7.981186830520528,3.700878124416704,0.238581514067846
2025-09-11 09:46:18.955,3.147586683708141,7.981265804462964,3.7004832547045226,0.23558050425526744
2025-09-11 09:46:19.068,3.147586683708141,7.980318117153729,3.700562228646959,0.23621229579475767
2025-09-11 09:46:19.181,3.1470338661110873,7.981344778405401,3.700088384992341,0.23763382675861067
2025-09-11 09:46:19.293,3.1474287358232687,7.981976569944891,3.700009411049905,0.23629126973719394
2025-09-11 09:46:19.405,3.14719181399596,7.9796073516718025,3.7004832547045226,0.23810767041322833
2025-09-11 09:46:19.518,3.1473497618808324,7.9810288826356555,3.6998514631650323,0.2378707485859195
2025-09-11 09:46:19.631,3.146638996398906,7.981186830520528,3.7027734990351746,0.23692306127668417
2025-09-11 09:46:19.743,3.1468759182262147,7.982292465714636,3.700878124416704,0.23708100916155672
2025-09-11 09:46:19.855,3.14719181399596,7.98071298686591,3.7001673589347774,0.23652819156450278
2025-09-11 09:46:19.967,3.14719181399596,7.980239143211293,3.7013519680713216,0.23637024367963022
2025-09-11 09:46:20.083,3.1477446315930138,7.982529387541945,3.702062733553248,0.23842356618297345
2025-09-11 09:46:20.211,3.1471128400535235,7.982055543887327,3.702299655380557,0.23637024367963022
2025-09-11 09:46:20.322,3.1474287358232687,7.98008119532642,3.701983759610812,0.2375548528161744
2025-09-11 09:46:20.434,3.147586683708141,7.982687335426817,3.701746837783503,0.23629126973719394
2025-09-11 09:46:20.546,3.1467969442837784,7.981265804462964,3.70032530681965,0.237159983103993
2025-09-11 09:46:20.658,3.147507709765705,7.981818622060018,3.7022206814381207,0.2378707485859195
2025-09-11 09:46:20.770,3.146402074571597,7.9810288826356555,3.701194020186449,0.23550153031283116
2025-09-11 09:46:20.880,3.1468759182262147,7.98071298686591,3.7015888898986304,0.23779177464348322
2025-09-11 09:46:20.991,3.1468759182262147,7.981107856578092,3.700641202589395,0.2364492176220665
2025-09-11 09:46:21.100,3.1470338661110873,7.981581700232709,3.7011150462440128,0.2375548528161744
2025-09-11 09:46:21.210,3.1468759182262147,7.980949908693219,3.7026945250927383,0.2354225563703949
2025-09-11 09:46:21.320,3.1467969442837784,7.980870934750783,3.7022206814381207,0.23810767041322833
2025-09-11 09:46:21.430,3.14719181399596,7.980949908693219,3.7007991504742677,0.23692306127668417
2025-09-11 09:46:21.543,3.14782360553545,7.980870934750783,3.702615551150302,0.23739690493130183
2025-09-11 09:46:21.652,3.1471128400535235,7.981660674175146,3.7025365772078658,0.23637024367963022
2025-09-11 09:46:21.764,3.1467969442837784,7.980791960808347,3.701746837783503,0.2364492176220665
2025-09-11 09:46:21.876,3.1470338661110873,7.981581700232709,3.7012729941288853,0.23581742608257628
2025-09-11 09:46:21.990,3.146717970341342,7.98071298686591,3.702931446920047,0.2360543479098851
2025-09-11 09:46:22.100,3.1474287358232687,7.981344778405401,3.703484264517101,0.2392922795497725
2025-09-11 09:46:22.210,3.1474287358232687,7.981344778405401,3.704589899711209,0.23597537396744883
2025-09-11 09:46:22.321,3.147270787938396,7.981107856578092,3.7030893948049197,0.2375548528161744
2025-09-11 09:46:22.430,3.146954892168651,7.980555038981038,3.7027734990351746,0.23763382675861067
2025-09-11 09:46:22.551,3.14782360553545,7.981660674175146,3.7041160560565913,0.23660716550693905
2025-09-11 09:46:22.661,3.1477446315930138,7.980791960808347,3.7030893948049197,0.23905535772246367
2025-09-11 09:46:22.772,3.1471128400535235,7.980555038981038,3.701746837783503,0.23621229579475767
2025-09-11 09:46:22.883,3.147586683708141,7.979133508017185,3.7033263166322286,0.23771280070104694
2025-09-11 09:46:22.998,3.14719181399596,7.982134517829763,3.703484264517101,0.23834459224053717
2025-09-11 09:46:23.113,3.1471128400535235,7.980870934750783,3.7021417074956844,0.237159983103993
2025-09-11 09:46:23.226,3.14719181399596,7.980160169268856,3.7026945250927383,0.23581742608257628
2025-09-11 09:46:23.338,3.14782360553545,7.980870934750783,3.701983759610812,0.23739690493130183
2025-09-11 09:46:23.452,3.1477446315930138,7.981502726290273,3.702931446920047,0.2368440873342479
2025-09-11 09:46:23.563,3.146954892168651,7.9822134917722,3.7025365772078658,0.23652819156450278
2025-09-11 09:46:23.675,3.1473497618808324,7.982292465714636,3.703405290574665,0.2361333218523214
2025-09-11 09:46:23.787,3.1471128400535235,7.98071298686591,3.7049847694233904,0.2361333218523214
2025-09-11 09:46:23.901,3.1477446315930138,7.980949908693219,3.703168368747356,0.2375548528161744
2025-09-11 09:46:24.011,3.14782360553545,7.982134517829763,3.7021417074956844,0.23668613944937533
2025-09-11 09:46:24.135,3.14719181399596,7.980318117153729,3.702378629322993,0.2364492176220665
2025-09-11 09:46:24.247,3.1479025794778863,7.982055543887327,3.7026945250927383,0.2367651133918116
2025-09-11 09:46:24.360,3.147586683708141,7.981186830520528,3.7030104208624834,0.23763382675861067
2025-09-11 09:46:24.474,3.1479025794778863,7.981423752347837,3.702852472977611,0.23668613944937533
2025-09-11 09:46:24.584,3.147586683708141,7.9810288826356555,3.7032473426897923,0.237159983103993
2025-09-11 09:46:24.697,3.1471128400535235,7.980397091096165,3.7032473426897923,0.2378707485859195
2025-09-11 09:46:24.808,3.1474287358232687,7.981265804462964,3.7030893948049197,0.23660716550693905
2025-09-11 09:46:24.921,3.1479815534203226,7.980949908693219,3.70372118634441,0.23771280070104694
2025-09-11 09:46:25.034,3.1479025794778863,7.980870934750783,3.7027734990351746,0.23700203521912044
2025-09-11 09:46:25.146,3.1470338661110873,7.98071298686591,3.702931446920047,0.23700203521912044
2025-09-11 09:46:25.261,3.147507709765705,7.9818975960024545,3.7058534827901894,0.2378707485859195
2025-09-11 09:46:25.374,3.1476656576505775,7.981581700232709,3.7033263166322286,0.23629126973719394
2025-09-11 09:46:25.487,3.1468759182262147,7.979765299556675,3.7038791342292825,0.2361333218523214
2025-09-11 09:46:25.601,3.14782360553545,7.980634012923474,3.7043529778839,0.23739690493130183
2025-09-11 09:46:25.714,3.147507709765705,7.980555038981038,3.7039581081717188,0.23573845214014
2025-09-11 09:46:25.827,3.1479025794778863,7.982055543887327,3.7033263166322286,0.23810767041322833
2025-09-11 09:46:25.940,3.1479815534203226,7.981107856578092,3.705695534905317,0.238581514067846
2025-09-11 09:46:26.054,3.1471128400535235,7.981976569944891,3.704826821538518,0.2360543479098851
2025-09-11 09:46:26.167,3.146954892168651,7.981265804462964,3.7041950299990276,0.23731793098886556
2025-09-11 09:46:26.280,3.1477446315930138,7.981344778405401,3.705379639135572,0.2378707485859195
2025-09-11 09:46:26.393,3.1477446315930138,7.980634012923474,3.704826821538518,0.2368440873342479
2025-09-11 09:46:26.507,3.148139501305195,7.9818975960024545,3.703800160286846,0.23589640002501255
2025-09-11 09:46:26.620,3.1474287358232687,7.980949908693219,3.706248352502371,0.237159983103993
2025-09-11 09:46:26.734,3.1479815534203226,7.981739648117582,3.7052216912506992,0.23692306127668417
2025-09-11 09:46:26.847,3.1479025794778863,7.9822134917722,3.704826821538518,0.23763382675861067
2025-09-11 09:46:26.961,3.14719181399596,7.981581700232709,3.704274003941464,0.237159983103993
2025-09-11 09:46:27.075,3.148139501305195,7.981818622060018,3.704274003941464,0.23589640002501255
2025-09-11 09:46:27.188,3.147586683708141,7.981423752347837,3.7046688736536453,0.23589640002501255
2025-09-11 09:46:27.302,3.1479025794778863,7.980002221383984,3.706880144041861,0.2367651133918116
2025-09-11 09:46:27.415,3.1479815534203226,7.981186830520528,3.7045109257687727,0.23621229579475767
2025-09-11 09:46:27.530,3.147270787938396,7.980949908693219,3.704905795480954,0.23763382675861067
2025-09-11 09:46:27.643,3.1474287358232687,7.9810288826356555,3.705774508847753,0.23739690493130183
2025-09-11 09:46:27.756,3.148060527362759,7.980791960808347,3.7045109257687727,0.23779177464348322
2025-09-11 09:46:27.869,3.147270787938396,7.981581700232709,3.7060904046174983,0.23700203521912044
2025-09-11 09:46:27.982,3.1474287358232687,7.981739648117582,3.7056165609628806,0.23708100916155672
2025-09-11 09:46:28.094,3.1477446315930138,7.981265804462964,3.705695534905317,0.2364492176220665
2025-09-11 09:46:28.209,3.148060527362759,7.981502726290273,3.7055375870204443,0.2361333218523214
2025-09-11 09:46:28.323,3.14782360553545,7.981581700232709,3.7058534827901894,0.23779177464348322
2025-09-11 09:46:28.437,3.14782360553545,7.981423752347837,3.704905795480954,0.23621229579475767
2025-09-11 09:46:28.552,3.1482974491900677,7.981581700232709,3.705774508847753,0.23652819156450278
2025-09-11 09:46:28.666,3.147507709765705,7.980870934750783,3.7052216912506992,0.2361333218523214
2025-09-11 09:46:28.779,3.1479025794778863,7.981660674175146,3.7053006651931355,0.23771280070104694
2025-09-11 09:46:28.892,3.1474287358232687,7.981818622060018,3.7050637433658267,0.2364492176220665
2025-09-11 09:46:29.005,3.1485343710173765,7.98071298686591,3.7072750137540424,0.2381866443556646
2025-09-11 09:46:29.134,3.1482184752476314,7.979765299556675,3.705695534905317,0.2368440873342479
2025-09-11 09:46:29.248,3.147507709765705,7.981581700232709,3.706564248272116,0.238581514067846
2025-09-11 09:46:29.362,3.148060527362759,7.980318117153729,3.7066432222145522,0.23913433166489995
2025-09-11 09:46:29.476,3.1477446315930138,7.980791960808347,3.7052216912506992,0.23637024367963022
2025-09-11 09:46:29.589,3.148139501305195,7.980239143211293,3.7064063003872434,0.23810767041322833
2025-09-11 09:46:29.703,3.1484553970749403,7.981581700232709,3.7069591179842973,0.23763382675861067
2025-09-11 09:46:29.817,3.1479025794778863,7.981739648117582,3.705695534905317,0.2367651133918116
2025-09-11 09:46:29.931,3.148692318902249,7.981344778405401,3.707432961638915,0.23637024367963022
2025-09-11 09:46:30.044,3.1479815534203226,7.981423752347837,3.7073539876964787,0.23668613944937533
2025-09-11 09:46:30.215,3.148139501305195,7.981660674175146,3.706248352502371,0.23621229579475767
2025-09-11 09:46:30.329,3.148376423132504,7.981107856578092,3.7060904046174983,0.23565947819770372
2025-09-11 09:46:30.442,3.148139501305195,7.981265804462964,3.7064063003872434,0.2382656182981009
2025-09-11 09:46:30.556,3.1484553970749403,7.980634012923474,3.705695534905317,0.23708100916155672
2025-09-11 09:46:30.671,3.147586683708141,7.981344778405401,3.7072750137540424,0.2392922795497725
2025-09-11 09:46:30.794,3.1482974491900677,7.981107856578092,3.706880144041861,0.23558050425526744
2025-09-11 09:46:30.908,3.147586683708141,7.982055543887327,3.706327326444807,0.237159983103993
2025-09-11 09:46:31.024,3.14782360553545,7.981502726290273,3.7072750137540424,0.23652819156450278
2025-09-11 09:46:31.138,3.148060527362759,7.982055543887327,3.705695534905317,0.2375548528161744
2025-09-11 09:46:31.251,3.1482974491900677,7.981186830520528,3.706011430675062,0.23668613944937533
2025-09-11 09:46:31.364,3.1477446315930138,7.981423752347837,3.7066432222145522,0.2364492176220665
2025-09-11 09:46:31.477,3.148376423132504,7.981739648117582,3.707985779235969,0.23794972252835578
2025-09-11 09:46:31.591,3.148376423132504,7.980949908693219,3.7060904046174983,0.23621229579475767
2025-09-11 09:46:31.706,3.1488502667871217,7.981265804462964,3.7073539876964787,0.237159983103993
2025-09-11 09:46:31.820,3.1479815534203226,7.980318117153729,3.7072750137540424,0.23739690493130183
2025-09-11 09:46:31.935,3.147507709765705,7.981107856578092,3.706564248272116,0.23692306127668417
2025-09-11 09:46:32.059,3.148139501305195,7.9818975960024545,3.7067221961569885,0.2375548528161744
2025-09-11 09:46:32.173,3.147507709765705,7.9810288826356555,3.7073539876964787,0.23589640002501255
2025-09-11 09:46:32.289,3.1482974491900677,7.981107856578092,3.708854492602768,0.23550153031283116
2025-09-11 09:46:32.405,3.148929240729558,7.981423752347837,3.7069591179842973,0.23763382675861067
2025-09-11 09:46:32.519,3.148613344959813,7.9822134917722,3.7067221961569885,0.23834459224053717
2025-09-11 09:46:32.631,3.1482184752476314,7.9810288826356555,3.7070380919267336,0.23763382675861067
2025-09-11 09:46:32.746,3.148929240729558,7.982055543887327,3.7069591179842973,0.2360543479098851
2025-09-11 09:46:32.860,3.1479025794778863,7.981265804462964,3.7075909095237876,0.2388974098375911
2025-09-11 09:46:32.975,3.1485343710173765,7.981423752347837,3.707196039811606,0.23621229579475767
2025-09-11 09:46:33.091,3.1484553970749403,7.980239143211293,3.7069591179842973,0.23637024367963022
2025-09-11 09:46:33.205,3.1482974491900677,7.981186830520528,3.708301675005714,0.23763382675861067
2025-09-11 09:46:33.319,3.148613344959813,7.981423752347837,3.7083806489481503,0.238581514067846
2025-09-11 09:46:33.433,3.1484553970749403,7.9804760650386015,3.7079068052935327,0.23708100916155672
2025-09-11 09:46:33.547,3.148060527362759,7.981502726290273,3.7079068052935327,0.23581742608257628
2025-09-11 09:46:33.662,3.1482184752476314,7.9824504135995085,3.709644232027131,0.2388974098375911
2025-09-11 09:46:33.779,3.148692318902249,7.980791960808347,3.7079068052935327,0.23700203521912044
2025-09-11 09:46:33.894,3.1479815534203226,7.981581700232709,3.7083806489481503,0.23660716550693905
2025-09-11 09:46:34.034,3.1482184752476314,7.981976569944891,3.708301675005714,0.23637024367963022
2025-09-11 09:46:34.151,3.148060527362759,7.98071298686591,3.7079068052935327,0.2368440873342479
2025-09-11 09:46:34.265,3.1484553970749403,7.981186830520528,3.707985779235969,0.23866048801028228
2025-09-11 09:46:34.379,3.1482974491900677,7.9824504135995085,3.7080647531784052,0.23810767041322833
2025-09-11 09:46:34.493,3.148139501305195,7.982055543887327,3.7081437271208415,0.23708100916155672
2025-09-11 09:46:34.607,3.148692318902249,7.981581700232709,3.708301675005714,0.23565947819770372
2025-09-11 09:46:34.723,3.1488502667871217,7.980949908693219,3.7094862841422582,0.23731793098886556
2025-09-11 09:46:34.836,3.148060527362759,7.980870934750783,3.7086965447178954,0.23621229579475767
2025-09-11 09:46:34.950,3.1485343710173765,7.981344778405401,3.709960127796876,0.2360543479098851
2025-09-11 09:46:35.064,3.148692318902249,7.981818622060018,3.7092493623149494,0.23621229579475767
2025-09-11 09:46:35.178,3.1482184752476314,7.980002221383984,3.7090124404876406,0.2381866443556646
2025-09-11 09:46:35.293,3.148139501305195,7.980791960808347,3.7094862841422582,0.23652819156450278
2025-09-11 09:46:35.407,3.1482184752476314,7.981976569944891,3.7090124404876406,0.2361333218523214
2025-09-11 09:46:35.521,3.14782360553545,7.982055543887327,3.709644232027131,0.23739690493130183
2025-09-11 09:46:35.639,3.1482974491900677,7.9804760650386015,3.7093283362573857,0.23723895704642928
2025-09-11 09:46:35.754,3.148613344959813,7.981107856578092,3.709644232027131,0.23668613944937533
2025-09-11 09:46:35.869,3.1482974491900677,7.9810288826356555,3.709644232027131,0.23621229579475767
2025-09-11 09:46:35.984,3.1487712928446854,7.9818975960024545,3.7098811538544396,0.237159983103993
2025-09-11 09:46:36.100,3.148692318902249,7.982055543887327,3.7107498672212387,0.23779177464348322
2025-09-11 09:46:36.217,3.1482974491900677,7.983082205138999,3.7107498672212387,0.23779177464348322
2025-09-11 09:46:36.332,3.148692318902249,7.980160169268856,3.7095652580846945,0.23652819156450278
2025-09-11 09:46:36.447,3.1490871886144305,7.981739648117582,3.710039101739312,0.2361333218523214
2025-09-11 09:46:36.562,3.1488502667871217,7.982292465714636,3.709644232027131,0.23660716550693905
2025-09-11 09:46:36.677,3.148139501305195,7.979844273499111,3.710276023566621,0.23763382675861067
2025-09-11 09:46:36.798,3.148613344959813,7.982134517829763,3.708854492602768,0.2375548528161744
2025-09-11 09:46:36.914,3.1482184752476314,7.98008119532642,3.709723205969567,0.23589640002501255
2025-09-11 09:46:37.027,3.1491661625568668,7.981423752347837,3.710039101739312,0.2364492176220665
2025-09-11 09:46:37.140,3.1490871886144305,7.9818975960024545,3.7116185805880377,0.23810767041322833
2025-09-11 09:46:37.258,3.1485343710173765,7.980949908693219,3.7106708932788024,0.23771280070104694
2025-09-11 09:46:37.371,3.1491661625568668,7.9810288826356555,3.7098811538544396,0.23692306127668417
2025-09-11 09:46:37.486,3.1491661625568668,7.9822134917722,3.7092493623149494,0.2375548528161744
2025-09-11 09:46:37.600,3.1488502667871217,7.9824504135995085,3.71051294539393,0.23794972252835578
2025-09-11 09:46:37.716,3.1491661625568668,7.980634012923474,3.7089334665452043,0.2361333218523214
2025-09-11 09:46:37.831,3.148060527362759,7.980239143211293,3.710591919336366,0.23700203521912044
2025-09-11 09:46:37.946,3.1494030843841756,7.9810288826356555,3.7095652580846945,0.2361333218523214
2025-09-11 09:46:38.062,3.1491661625568668,7.980791960808347,3.710828841163675,0.23723895704642928
2025-09-11 09:46:38.176,3.148613344959813,7.981818622060018,3.7107498672212387,0.23700203521912044
2025-09-11 09:46:38.289,3.1488502667871217,7.9824504135995085,3.712882163667018,0.23573845214014
2025-09-11 09:46:38.403,3.148376423132504,7.982055543887327,3.712803189724582,0.237159983103993
2025-09-11 09:46:38.517,3.148692318902249,7.981502726290273,3.709407310199822,0.23708100916155672
2025-09-11 09:46:38.631,3.148692318902249,7.981818622060018,3.7094862841422582,0.237159983103993
2025-09-11 09:46:38.746,3.148929240729558,7.980870934750783,3.711065762990984,0.2367651133918116
2025-09-11 09:46:38.858,3.1484553970749403,7.98071298686591,3.7109078151061112,0.23739690493130183
2025-09-11 09:46:38.971,3.149482058326612,7.980791960808347,3.7098021799120033,0.23692306127668417
2025-09-11 09:46:39.086,3.149482058326612,7.981265804462964,3.7121713981850917,0.23668613944937533
2025-09-11 09:46:39.198,3.148692318902249,7.981423752347837,3.7107498672212387,0.23802869647079206
2025-09-11 09:46:39.310,3.148929240729558,7.982055543887327,3.710828841163675,0.23723895704642928
2025-09-11 09:46:39.426,3.1494030843841756,7.981739648117582,3.7106708932788024,0.23652819156450278
2025-09-11 09:46:39.541,3.1488502667871217,7.980791960808347,3.7116185805880377,0.23692306127668417
2025-09-11 09:46:39.655,3.148613344959813,7.981502726290273,3.7103549975090573,0.23708100916155672
2025-09-11 09:46:39.768,3.149482058326612,7.981660674175146,3.710276023566621,0.23621229579475767
2025-09-11 09:46:39.882,3.1490871886144305,7.981344778405401,3.710828841163675,0.23771280070104694
2025-09-11 09:46:39.995,3.1491661625568668,7.980949908693219,3.710591919336366,0.2368440873342479
2025-09-11 09:46:40.114,3.1493241104417393,7.981660674175146,3.7107498672212387,0.2361333218523214
2025-09-11 09:46:40.230,3.1488502667871217,7.981344778405401,3.7116185805880377,0.23723895704642928
2025-09-11 09:46:40.343,3.149245136499303,7.981186830520528,3.7112237108758563,0.23739690493130183
2025-09-11 09:46:40.457,3.1491661625568668,7.982529387541945,3.7104339714514936,0.23652819156450278
2025-09-11 09:46:40.570,3.149482058326612,7.981502726290273,3.7138298509762535,0.23597537396744883
2025-09-11 09:46:40.688,3.148929240729558,7.9818975960024545,3.713671903091381,0.2375548528161744
2025-09-11 09:46:40.802,3.1490871886144305,7.981186830520528,3.7116185805880377,0.23692306127668417
2025-09-11 09:46:40.918,3.1490871886144305,7.982371439657072,3.711934476357783,0.23810767041322833
2025-09-11 09:46:41.032,3.1493241104417393,7.982292465714636,3.7109867890485475,0.2360543479098851
2025-09-11 09:46:41.147,3.149245136499303,7.980555038981038,3.711934476357783,0.23573845214014
2025-09-11 09:46:41.262,3.1485343710173765,7.981423752347837,3.7124083200124005,0.2368440873342479
2025-09-11 09:46:41.378,3.1487712928446854,7.98008119532642,3.711065762990984,0.23668613944937533
2025-09-11 09:46:41.489,3.1493241104417393,7.981423752347837,3.712013450300219,0.23629126973719394
2025-09-11 09:46:41.604,3.1488502667871217,7.980555038981038,3.711697554530474,0.23763382675861067
2025-09-11 09:46:41.716,3.149561032269048,7.980870934750783,3.71114473693342,0.2368440873342479
2025-09-11 09:46:41.831,3.148929240729558,7.980555038981038,3.711460632703165,0.23629126973719394
2025-09-11 09:46:41.945,3.1497189801539207,7.982134517829763,3.7129611376094545,0.23873946195271856
2025-09-11 09:46:42.057,3.1493241104417393,7.9822134917722,3.713434981264072,0.23779177464348322
2025-09-11 09:46:42.173,3.148929240729558,7.981581700232709,3.7123293460699642,0.23660716550693905
2025-09-11 09:46:42.286,3.1497189801539207,7.980397091096165,3.7127242157821456,0.23739690493130183
2025-09-11 09:46:42.399,3.149561032269048,7.981660674175146,3.7118555024153466,0.23779177464348322
2025-09-11 09:46:42.514,3.148929240729558,7.981186830520528,3.712250372127528,0.2368440873342479
2025-09-11 09:46:42.627,3.1497189801539207,7.980949908693219,3.7118555024153466,0.237159983103993
2025-09-11 09:46:42.740,3.1490871886144305,7.981976569944891,3.712882163667018,0.23731793098886556
2025-09-11 09:46:42.853,3.1498769280387933,7.981818622060018,3.712250372127528,0.2364492176220665
2025-09-11 09:46:42.967,3.149008214671994,7.981502726290273,3.7144616425157437,0.23589640002501255
2025-09-11 09:46:43.081,3.1494030843841756,7.981660674175146,3.7131980594367633,0.2375548528161744
